<?xml version='1.0' encoding='UTF-8'?>
<image h="500" w="500"><stack><layer composite-op="svg:src-over" name="HTML.png" opacity="1.0" src="data/000.png" visibility="visible" x="0" y="0" /><layer composite-op="svg:src-over" name="CSS.png" opacity="1.0" src="data/001.png" visibility="visible" x="0" y="0" /><layer composite-op="svg:src-over" name="React.png" opacity="1.0" src="data/002.png" visibility="visible" x="0" y="0" /><layer composite-op="svg:src-over" name="DaVinci.png" opacity="1.0" src="data/003.png" visibility="visible" x="0" y="0" /><layer composite-op="svg:src-over" name="Premiere.png" opacity="1.0" src="data/004.png" visibility="visible" x="0" y="0" /><layer composite-op="svg:src-over" name="Unity.png" opacity="1.0" src="data/005.png" visibility="visible" x="0" y="0" /><layer composite-op="svg:src-over" name="Inventor.png" opacity="1.0" src="data/006.png" visibility="visible" x="0" y="0" /><layer composite-op="svg:src-over" name="OnShape.png" opacity="1.0" src="data/007.png" visibility="visible" x="0" y="0" /><layer composite-op="svg:src-over" name="Solidworks.png" opacity="1.0" src="data/008.png" visibility="visible" x="0" y="0" /><layer composite-op="svg:src-over" name="Arduino.png" opacity="1.0" src="data/009.png" visibility="visible" x="0" y="0" /><layer composite-op="svg:src-over" name="Python.png" opacity="1.0" src="data/010.png" visibility="visible" x="0" y="0" /><layer composite-op="svg:src-over" name="Java.png" opacity="1.0" src="data/011.png" visibility="visible" x="0" y="0" /><layer composite-op="svg:src-over" name="C++.png" opacity="1.0" src="data/012.png" visibility="visible" x="0" y="0" /><layer composite-op="svg:src-over" name="CSharp.png" opacity="1.0" src="data/013.png" visibility="visible" x="0" y="0" /></stack></image>